City_ID,City,Country,Date,Lat,Lng,Max Temp,Humidity,Cloudiness,Wind Speed
0,Kapaa,US,2021-11-08 01:24:14,22.0752,-159.319,84.18,69,20,4.0
1,Busselton,AU,2021-11-08 01:24:04,-33.65,115.3333,65.05,57,5,13.47
2,Saldanha,ZA,2021-11-08 01:29:00,-33.0117,17.9442,60.85,73,88,21.25
3,Kavaratti,IN,2021-11-08 01:29:00,10.5669,72.642,81.34,73,100,7.11
4,Leh,IN,2021-11-08 01:29:00,34.1667,77.5833,17.19,62,0,3.89
5,Ilulissat,GL,2021-11-08 01:24:09,69.2167,-51.1,12.22,52,13,19.57
6,Albany,US,2021-11-08 01:24:13,42.6001,-73.9662,42.8,75,19,3.18
7,Aklavik,CA,2021-11-08 01:24:08,68.2191,-135.0107,14.83,97,78,3.62
8,Sakakah,SA,2021-11-08 01:29:01,29.9697,40.2064,60.37,37,0,3.65
9,Mahebourg,MU,2021-11-08 01:24:10,-20.4081,57.7,75.49,83,40,5.75
10,Hobyo,SO,2021-11-08 01:29:01,5.3505,48.5268,78.75,68,72,9.89
11,Byron Bay,AU,2021-11-08 01:29:02,-28.65,153.6167,76.96,89,100,9.57
12,Katsuura,JP,2021-11-08 01:24:10,35.1333,140.3,68.18,60,100,17.02
13,Gravatai,BR,2021-11-08 01:29:02,-29.9444,-50.9919,64.18,77,0,6.91
14,Lorengau,PG,2021-11-08 01:29:02,-2.0226,147.2712,83.07,78,62,10.76
15,Omboue,GA,2021-11-08 01:29:03,-1.5746,9.2618,76.32,92,100,5.57
16,Hellvik,NO,2021-11-08 01:29:03,59.9156,5.781,46.78,91,99,2.39
17,Rikitea,PF,2021-11-08 01:21:01,-23.1203,-134.9692,74.88,80,100,14.83
18,Lazaro Cardenas,MX,2021-11-08 01:29:03,17.9583,-102.2,78.87,84,35,2.59
19,Provideniya,RU,2021-11-08 01:26:29,64.3833,-173.3,19.51,68,20,4.47
20,Airai,TL,2021-11-08 01:26:32,-8.9266,125.4092,73.9,67,96,1.3
21,Gobabis,NA,2021-11-08 01:29:03,-22.45,18.9667,76.01,22,100,8.72
22,Strathmore,CA,2021-11-08 01:29:04,51.0501,-113.3852,38.8,40,0,5.01
23,Vestmanna,FO,2021-11-08 01:29:04,62.1564,-7.1664,43.72,87,90,14.97
24,Hermanus,ZA,2021-11-08 01:21:05,-34.4187,19.2345,57.9,71,66,5.39
25,Birjand,IR,2021-11-08 01:29:04,32.8663,59.2211,36.07,75,20,4.61
26,Qaanaaq,GL,2021-11-08 01:24:03,77.484,-69.3632,3.42,69,18,7.18
27,Mataura,NZ,2021-11-08 01:24:08,-46.1927,168.8643,73.11,37,100,3.44
28,Port Alfred,ZA,2021-11-08 01:24:08,-33.5906,26.891,64.6,86,100,7.94
29,Foshan,CN,2021-11-08 01:29:05,23.0268,113.1315,64.09,57,63,17.92
30,Atuona,PF,2021-11-08 01:25:18,-9.8,-139.0333,78.39,75,4,17.22
31,Conceicao Do Araguaia,BR,2021-11-08 01:29:05,-8.2578,-49.2647,73.72,88,100,3.02
32,Port Elizabeth,ZA,2021-11-08 01:25:21,-33.918,25.5701,59.09,82,100,4.9
33,Tuatapere,NZ,2021-11-08 01:27:41,-46.1333,167.6833,68.81,47,99,2.39
34,Auki,SB,2021-11-08 01:29:05,-8.7676,160.7034,87.46,59,25,1.66
35,Praia Da Vitoria,PT,2021-11-08 01:24:12,38.7333,-27.0667,69.76,88,75,18.99
36,Resistencia,AR,2021-11-08 01:29:06,-27.4606,-58.9839,73.45,83,40,3.44
37,Punta Arenas,CL,2021-11-08 01:27:42,-53.15,-70.9167,44.71,65,20,6.91
38,Imbituba,BR,2021-11-08 01:29:06,-28.24,-48.6703,68.83,72,70,2.84
39,East London,ZA,2021-11-08 01:25:22,-33.0153,27.9116,64.2,94,100,8.57
40,Hithadhoo,MV,2021-11-08 01:21:28,-0.6,73.0833,81.66,75,93,11.61
41,Neryungri,RU,2021-11-08 01:29:06,56.6709,124.6491,5.85,82,17,5.73
42,Kijang,KR,2021-11-08 01:29:07,35.2442,129.2139,71.33,74,92,23.29
43,Norman Wells,CA,2021-11-08 01:26:58,65.282,-126.8329,12.24,85,90,10.36
44,Aleksandrovka,UA,2021-11-08 01:29:07,46.8383,32.7612,52.54,96,39,9.84
45,Bengkulu,ID,2021-11-08 01:24:10,-3.8004,102.2655,79.57,74,100,5.5
46,Sanmenxia,CN,2021-11-08 01:29:07,34.7747,111.1814,35.8,51,0,7.11
47,Ribeira Grande,PT,2021-11-08 01:29:08,38.5167,-28.7,69.48,86,22,23.87
48,Brigantine,US,2021-11-08 01:30:08,39.4101,-74.3646,48.02,74,100,13.53
49,Belmonte,BR,2021-11-08 01:30:09,-15.8631,-38.8828,77.5,88,99,3.33
50,Dhidhdhoo,MV,2021-11-08 01:30:09,6.8833,73.1,80.55,77,37,11.86
51,Toba,JP,2021-11-08 01:30:10,34.4833,136.85,69.8,64,75,14.97
52,Cayenne,GF,2021-11-08 01:25:23,4.9333,-52.3333,81.09,84,40,4.0
53,Imeni Poliny Osipenko,RU,2021-11-08 01:30:10,52.4201,136.4853,23.52,56,34,6.26
54,Pisco,PE,2021-11-08 01:30:11,-13.7,-76.2167,65.01,82,0,9.22
55,Codajas,BR,2021-11-08 01:30:11,-3.8367,-62.0569,74.93,93,96,0.76
56,Cody,US,2021-11-08 01:30:12,44.5263,-109.0565,39.58,56,1,5.75
57,Yilan,TW,2021-11-08 01:30:12,24.757,121.753,68.56,91,100,6.91
58,Grand-Santi,GF,2021-11-08 01:30:13,4.25,-54.3833,73.38,99,95,1.88
59,Kainantu,PG,2021-11-08 01:30:13,-6.2887,145.8655,75.43,59,83,5.39
60,Hilo,US,2021-11-08 01:26:36,19.7297,-155.09,78.53,79,90,0.0
61,Huambo,AO,2021-11-08 01:30:14,-12.7761,15.7392,60.31,87,100,4.12
62,Kidodi,TZ,2021-11-08 01:30:15,-7.6036,37.0044,70.32,83,94,2.91
63,Bredasdorp,ZA,2021-11-08 01:21:30,-34.5322,20.0403,52.92,82,96,2.3
64,Silver City,US,2021-11-08 01:30:15,32.7701,-108.2803,62.67,25,75,5.01
65,Cape Town,ZA,2021-11-08 01:24:09,-33.9258,18.4232,59.27,73,0,1.99
66,Saint-Philippe,RE,2021-11-08 01:30:15,-21.3585,55.7679,72.95,81,40,8.79
67,Davila,PH,2021-11-08 01:30:16,18.4726,120.5763,85.98,70,9,1.28
68,Lebu,CL,2021-11-08 01:26:35,-37.6167,-73.65,53.01,93,50,10.31
69,Kirakira,SB,2021-11-08 01:27:49,-10.4544,161.9205,86.68,63,2,8.84
70,Port Hardy,CA,2021-11-08 01:30:16,50.6996,-127.4199,41.0,87,90,8.05
71,Kolokani,ML,2021-11-08 01:30:16,13.5728,-8.0339,79.36,37,2,3.76
72,Esperance,AU,2021-11-08 01:24:15,-33.8667,121.9,66.04,59,100,9.31
73,Cabo San Lucas,MX,2021-11-08 01:25:17,22.8909,-109.9124,80.62,65,10,7.07
74,Meulaboh,ID,2021-11-08 01:30:17,4.1363,96.1285,76.62,93,100,8.37
75,Kintampo,GH,2021-11-08 01:30:17,8.0563,-1.7306,75.43,72,95,3.94
76,Paita,PE,2021-11-08 01:30:18,-5.0892,-81.1144,64.53,84,19,13.96
77,Georgetown,MY,2021-11-08 01:20:58,5.4112,100.3354,80.89,89,20,1.01
78,Bluff,NZ,2021-11-08 01:25:21,-46.6,168.3333,60.13,64,84,2.42
79,Tulun,RU,2021-11-08 01:30:18,54.5611,100.5792,31.33,70,100,6.93
80,Tahta,EG,2021-11-08 01:30:18,26.7693,31.5021,64.72,38,0,5.68
81,Ponta Do Sol,PT,2021-11-08 01:30:18,32.6667,-17.1,66.83,65,14,7.25
82,Nikolskoye,RU,2021-11-08 01:26:31,59.7035,30.7861,37.87,98,100,8.03
83,Castro,BR,2021-11-08 01:26:41,-24.7911,-50.0119,59.43,98,73,6.96
84,Hobart,AU,2021-11-08 01:24:14,-42.8794,147.3294,62.06,49,75,1.01
85,Baherden,TM,2021-11-08 01:30:19,38.4362,57.4316,43.84,43,1,4.09
86,Medea,DZ,2021-11-08 01:30:19,36.2642,2.7539,45.05,89,100,4.97
87,Dingle,PH,2021-11-08 01:24:13,10.9995,122.6711,84.18,80,26,11.23
88,Severo-Kurilsk,RU,2021-11-08 01:30:20,50.6789,156.125,37.09,63,99,21.34
89,Kodiak,US,2021-11-08 01:26:36,57.79,-152.4072,35.11,64,75,16.11
90,Bubaque,GW,2021-11-08 01:30:20,11.2833,-15.8333,82.92,76,26,9.86
91,Souillac,MU,2021-11-08 01:26:38,-20.5167,57.5167,75.58,83,40,5.75
92,Sobolevo,RU,2021-11-08 01:30:21,54.4299,31.8996,40.33,95,100,14.5
93,Puerto Baquerizo Moreno,EC,2021-11-08 01:30:21,-0.9,-89.6,69.46,79,95,11.23
94,Sturgis,US,2021-11-08 01:31:21,41.7992,-85.4192,53.42,50,1,3.44
95,Sisimiut,GL,2021-11-08 01:31:22,66.9395,-53.6735,16.25,84,83,7.02
96,Laja,CL,2021-11-08 01:31:22,-37.2667,-72.7,56.19,70,8,4.72
97,Sabla,NG,2021-11-08 01:31:22,12.7525,4.7077,78.35,24,21,5.7
98,Escanaba,US,2021-11-08 01:31:22,45.7453,-87.0646,52.23,98,1,6.91
99,Arraial Do Cabo,BR,2021-11-08 01:26:30,-22.9661,-42.0278,70.57,74,60,6.87
100,Lotofaga,WS,2021-11-08 01:31:23,-13.9764,-171.8578,89.38,76,48,12.06
101,Hirara,JP,2021-11-08 01:31:23,24.8,125.2833,73.26,94,75,14.97
102,Tuljapur,IN,2021-11-08 01:31:23,18.0,76.0833,65.48,63,24,8.39
103,Luang Prabang,LA,2021-11-08 01:31:23,19.8856,102.1347,75.16,88,40,0.0
104,Ushuaia,AR,2021-11-08 01:20:53,-54.8,-68.3,42.46,70,40,10.36
105,Mahibadhoo,MV,2021-11-08 01:31:24,3.7833,72.9667,82.87,71,99,17.54
106,Martinsville,US,2021-11-08 01:27:12,36.6915,-79.8725,49.96,74,1,0.0
107,Yekepa,LR,2021-11-08 01:31:24,7.5753,-8.5419,68.4,95,66,2.04
108,Taltal,CL,2021-11-08 01:30:18,-25.4,-70.4833,63.32,68,0,3.71
109,Yellowknife,CA,2021-11-08 01:19:45,62.456,-114.3525,28.42,99,90,4.0
110,Barrow,US,2021-11-08 01:24:16,71.2906,-156.7887,26.62,63,90,10.36
111,Talnakh,RU,2021-11-08 01:31:24,69.4865,88.3972,17.8,96,100,7.16
112,Geraldton,AU,2021-11-08 01:31:14,-28.7667,114.6,72.01,53,75,10.36
113,Cherskiy,RU,2021-11-08 01:31:25,68.75,161.3,-0.17,100,91,4.74
114,Puerto Ayora,EC,2021-11-08 01:21:27,-0.7393,-90.3518,69.62,80,53,9.17
115,Biltine,TD,2021-11-08 01:31:25,14.5333,20.9167,76.28,16,0,5.77
116,Gizo,SB,2021-11-08 01:31:25,-8.103,156.8419,84.58,69,80,5.99
117,Constitucion,CL,2021-11-08 01:30:56,-35.3333,-72.4167,54.3,83,5,14.12
118,Baiyin,CN,2021-11-08 01:31:26,36.5583,104.2081,23.88,56,6,0.56
119,Aykhal,RU,2021-11-08 01:31:26,66.0,111.5,16.48,94,95,18.45
120,Saskylakh,RU,2021-11-08 01:24:10,71.9167,114.0833,11.84,94,100,9.8
121,Totness,SR,2021-11-08 01:31:26,5.8833,-56.3167,78.78,85,78,10.07
122,Miranda,CO,2021-11-08 01:31:27,3.2499,-76.2281,71.73,94,100,3.2
123,Tuktoyaktuk,CA,2021-11-08 01:31:27,69.4541,-133.0374,21.2,79,90,11.5
124,Kruisfontein,ZA,2021-11-08 01:31:27,-34.0033,24.7314,56.88,87,100,4.85
125,Rawson,AR,2021-11-08 01:26:38,-43.3002,-65.1023,59.52,59,100,7.23
126,Vila Franca Do Campo,PT,2021-11-08 01:31:27,37.7167,-25.4333,70.2,74,34,11.68
127,Jamestown,US,2021-11-08 01:20:19,42.097,-79.2353,49.64,76,1,1.99
128,Adrar,MR,2021-11-08 01:31:28,20.5022,-10.0711,69.4,26,100,6.31
129,Boyolangu,ID,2021-11-08 01:31:28,-8.1181,111.8935,80.55,78,100,3.11
130,Pankovka,RU,2021-11-08 01:31:28,58.5,31.1999,40.42,96,100,6.33
131,Faanui,PF,2021-11-08 01:31:29,-16.4833,-151.75,79.59,73,23,9.13
132,Buin,CL,2021-11-08 01:31:29,-33.7333,-70.75,71.74,60,0,1.45
133,Clarence Town,AU,2021-11-08 01:31:29,-32.5833,151.7833,74.61,53,22,6.42
134,Tasiilaq,GL,2021-11-08 01:31:30,65.6145,-37.6368,26.76,76,100,6.46
135,Tokur,RU,2021-11-08 01:31:30,53.1333,132.9,14.38,58,7,2.48
136,Victoria,HK,2021-11-08 01:24:29,22.2855,114.1577,67.32,78,93,1.99
137,Berbera,SO,2021-11-08 01:31:30,10.4396,45.0143,79.32,67,10,3.22
138,Arroyo,ES,2021-11-08 01:31:30,41.6096,-4.7969,43.14,90,40,4.61
139,Risti,EE,2021-11-08 01:31:31,58.9975,24.058,39.11,90,100,15.01
140,Ust-Nera,RU,2021-11-08 01:31:31,64.5667,143.2,-11.42,97,80,5.66
141,Mwinilunga,ZM,2021-11-08 01:31:31,-11.7358,24.4293,62.51,56,5,3.31
142,Khatanga,RU,2021-11-08 01:25:19,71.9667,102.5,14.45,93,98,13.89
143,Wum,CM,2021-11-08 01:32:32,6.3833,10.0667,64.8,92,98,3.6
144,Sucre,BO,2021-11-08 01:32:32,-19.0333,-65.2627,59.7,64,100,7.0
145,Chapada Dos Guimaraes,BR,2021-11-08 01:32:32,-15.4606,-55.7497,65.86,84,22,0.67
146,Bethel,US,2021-11-08 01:27:39,41.3712,-73.414,47.48,66,1,0.0
147,Gravdal,NO,2021-11-08 01:32:33,68.1214,13.5031,39.09,58,80,12.53
148,Port-Gentil,GA,2021-11-08 01:32:34,-0.7193,8.7815,78.66,85,100,10.76
149,New Norfolk,AU,2021-11-08 01:21:13,-42.7826,147.0587,61.72,44,10,4.0
150,Zabaykalsk,RU,2021-11-08 01:32:34,49.6333,117.3167,21.4,53,1,5.97
151,Cassilandia,BR,2021-11-08 01:32:34,-19.1133,-51.7342,74.48,77,62,3.62
152,Ampanihy,MG,2021-11-08 01:32:35,-24.7,44.75,71.92,57,34,6.85
153,Teya,RU,2021-11-08 01:26:37,60.3778,92.6267,29.73,87,100,13.27
154,Vardo,NO,2021-11-08 01:32:35,70.3705,31.1107,31.24,61,98,17.4
155,Sangar,RU,2021-11-08 01:32:35,63.9242,127.4739,0.36,93,100,15.64
156,Kuvandyk,RU,2021-11-08 01:32:36,51.4781,57.3552,34.81,66,100,3.98
157,Port Moresby,PG,2021-11-08 01:31:35,-9.4431,147.1797,90.82,62,1,5.75
158,Connersville,US,2021-11-08 01:32:36,39.6412,-85.1411,53.2,71,44,5.79
159,Avera,US,2021-11-08 01:32:36,33.194,-82.5271,51.71,49,0,6.53
160,Badulla,LK,2021-11-08 01:30:33,6.9895,81.0557,70.25,89,100,3.67
161,Cotonou,BJ,2021-11-08 01:32:37,6.3654,2.4183,76.98,94,20,2.3
162,Butaritari,KI,2021-11-08 01:24:11,3.0707,172.7902,82.31,68,1,11.81
163,Tiksi,RU,2021-11-08 01:25:18,71.6872,128.8694,12.24,79,100,20.83
164,Srednekolymsk,RU,2021-11-08 01:32:37,67.45,153.6833,4.33,95,100,6.71
165,Faranah,GN,2021-11-08 01:32:37,10.0404,-10.7434,71.58,95,96,2.51
166,Tocopilla,CL,2021-11-08 01:32:38,-22.092,-70.1979,65.43,67,12,8.61
167,Lompoc,US,2021-11-08 01:27:51,34.6391,-120.4579,67.78,73,40,11.5
168,Fortuna,US,2021-11-08 01:27:59,40.5982,-124.1573,53.94,70,1,0.0
169,Thompson,CA,2021-11-08 01:21:19,55.7435,-97.8558,37.56,81,75,4.61
170,Culiacan,MX,2021-11-08 01:32:18,24.7994,-107.3897,74.21,55,3,2.93
171,Chokurdakh,RU,2021-11-08 01:26:32,70.6333,147.9167,-14.57,94,100,6.26
172,Atyrau,KZ,2021-11-08 01:31:07,47.1167,51.8833,41.02,52,75,4.47
173,Pirawa,IN,2021-11-08 01:32:38,24.1551,76.0273,66.92,48,64,2.53
174,Banda Aceh,ID,2021-11-08 01:32:38,5.5577,95.3222,81.77,77,76,3.47
175,Mar Del Plata,AR,2021-11-08 01:24:49,-38.0023,-57.5575,59.88,83,0,15.01
176,West Chicago,US,2021-11-08 01:32:39,41.8847,-88.204,58.41,66,1,3.0
177,Butajira,ET,2021-11-08 01:32:39,8.1167,38.3667,56.71,43,42,4.9
178,Necochea,AR,2021-11-08 01:32:39,-38.5473,-58.7368,55.04,89,66,11.61
179,Nouadhibou,MR,2021-11-08 01:32:40,20.931,-17.0347,64.38,82,0,16.11
180,Jiangkou,CN,2021-11-08 01:32:40,25.4872,119.1986,60.69,82,100,5.95
181,Kupino,RU,2021-11-08 01:32:40,54.3663,77.2981,32.94,38,100,18.63
182,Bilibino,RU,2021-11-08 01:32:40,68.0546,166.4372,-2.9,98,61,2.93
183,Tay Ninh,VN,2021-11-08 01:32:41,11.3,106.1,83.23,76,55,5.44
184,Yulara,AU,2021-11-08 01:32:41,-25.2406,130.9889,66.04,94,90,10.36
185,Malaya Vishera,RU,2021-11-08 01:32:41,58.8454,32.2222,40.05,97,100,6.67
186,Avarua,CK,2021-11-08 01:26:36,-21.2078,-159.775,77.05,57,23,16.11
187,San Patricio,US,2021-11-08 01:26:35,28.017,-97.5169,70.83,69,0,8.21
188,Cap Malheureux,MU,2021-11-08 01:33:42,-19.9842,57.6142,75.69,77,18,5.99
189,Vaini,TO,2021-11-08 01:24:11,-21.2,-175.2,80.76,89,75,8.05
190,Broome,US,2021-11-08 01:26:30,42.2506,-75.833,44.67,69,0,2.71
191,Obidos,BR,2021-11-08 01:33:42,-1.9175,-55.5181,78.51,75,89,1.45
192,Cedar City,US,2021-11-08 01:33:42,37.6775,-113.0619,56.17,27,1,11.5
193,Conakry,GN,2021-11-08 01:33:43,9.538,-13.6773,80.67,83,40,2.3
194,Shimizu,JP,2021-11-08 01:33:43,43.0061,142.8847,42.55,82,92,3.38
195,Vrangel,RU,2021-11-08 01:33:43,42.7297,133.0839,47.77,86,100,25.48
196,Fairbanks,US,2021-11-08 01:29:53,64.8378,-147.7164,25.21,90,90,4.61
197,Tevaitoa,PF,2021-11-08 01:33:44,-16.7833,-151.5,78.71,76,19,9.91
198,Tukrah,LY,2021-11-08 01:33:44,32.5341,20.5791,68.83,54,98,6.04
199,Kungurtug,RU,2021-11-08 01:33:44,50.5994,97.5228,9.64,82,15,1.05
200,Eyl,SO,2021-11-08 01:33:44,7.9803,49.8164,74.46,80,17,8.88
201,Usakos,NA,2021-11-08 01:33:45,-22.0,15.6,56.75,57,6,5.3
202,Honiara,SB,2021-11-08 01:33:45,-9.4333,159.95,86.0,67,75,5.95
203,Dom Pedrito,BR,2021-11-08 01:33:45,-30.9828,-54.6731,56.52,88,5,6.8
204,Saint George,US,2021-11-08 01:33:46,37.1041,-113.5841,72.95,24,1,5.01
205,Coihueco,CL,2021-11-08 01:33:46,-36.6167,-71.8333,63.34,52,43,10.36
206,Carnarvon,AU,2021-11-08 01:24:09,-24.8667,113.6333,71.67,53,81,13.8
207,Novikovo,RU,2021-11-08 01:33:46,51.1537,37.8879,43.79,81,100,10.42
208,Wilmington Island,US,2021-11-08 01:33:46,32.0036,-80.9737,57.29,62,1,8.05
209,Emerald,AU,2021-11-08 01:33:47,-23.5333,148.1667,84.34,61,75,9.22
210,Longyearbyen,SJ,2021-11-08 01:25:17,78.2186,15.6401,13.84,67,75,6.91
211,Sibu,MY,2021-11-08 01:33:47,2.3,111.8167,82.71,83,20,3.0
212,Homer,US,2021-11-08 01:33:47,59.6425,-151.5483,33.69,80,40,6.91
213,Dargaville,NZ,2021-11-08 01:33:47,-35.9333,173.8833,67.23,76,44,6.46
214,Dauriya,RU,2021-11-08 01:33:48,49.9333,116.8667,21.15,53,0,4.41
215,Woodward,US,2021-11-08 01:33:48,36.4337,-99.3904,67.23,46,1,16.11
216,Valparaiso,CL,2021-11-08 01:29:04,-33.0393,-71.6273,55.04,87,0,11.5
217,Waipawa,NZ,2021-11-08 01:33:48,-41.4122,175.5153,66.83,65,35,4.92
218,Bambous Virieux,MU,2021-11-08 01:26:33,-20.3428,57.7575,75.45,83,40,5.75
219,Erdenet,MN,2021-11-08 01:33:48,49.0333,104.0833,17.49,61,29,4.16
220,Morehead,US,2021-11-08 01:33:37,37.2711,-87.1764,49.84,88,1,0.0
221,Shenjiamen,CN,2021-11-08 01:33:49,29.9576,122.298,47.7,66,12,33.44
222,Mayumba,GA,2021-11-08 01:33:49,-3.432,10.6554,76.78,90,100,1.95
223,Hastings,GB,2021-11-08 01:33:49,50.8552,0.5729,45.72,80,80,10.33
224,Lavrentiya,RU,2021-11-08 01:26:32,65.5833,-171.0,9.93,80,5,7.0
225,Ugoofaaru,MV,2021-11-08 01:33:50,5.6667,73.0,80.65,81,99,17.13
226,Santa Cruz,BO,2021-11-08 01:27:49,-17.8,-63.1667,71.06,78,20,0.0
227,Kosikha,RU,2021-11-08 01:33:50,53.3617,84.5822,27.37,69,99,13.87
228,Richards Bay,ZA,2021-11-08 01:33:50,-28.783,32.0377,70.39,95,100,3.56
229,Medvezhyegorsk,RU,2021-11-08 01:33:50,62.9167,34.4667,30.33,75,100,8.61
230,Guerrero Negro,MX,2021-11-08 01:33:51,27.9769,-114.0611,65.37,83,100,9.35
231,Clyde River,CA,2021-11-08 01:24:11,70.4692,-68.5914,11.08,87,42,11.32
232,Dikson,RU,2021-11-08 01:26:34,73.5069,80.5464,8.64,96,100,1.72
233,Caravelas,BR,2021-11-08 01:34:51,-17.7125,-39.2481,72.68,82,93,4.5
234,Nioro,GM,2021-11-08 01:34:51,13.35,-15.75,76.01,62,15,6.08
235,Kaitangata,NZ,2021-11-08 01:27:47,-46.2817,169.8464,62.92,73,70,6.93
236,Port Lincoln,AU,2021-11-08 01:26:34,-34.7333,135.8667,59.18,58,100,5.35
237,Khandbari,NP,2021-11-08 01:34:52,27.3747,87.2039,63.36,70,71,1.01
238,Upernavik,GL,2021-11-08 01:34:52,72.7868,-56.1549,9.88,79,7,6.78
239,Straumen,NO,2021-11-08 01:34:52,63.8709,11.2999,33.62,75,64,3.85
240,Cairns,AU,2021-11-08 01:34:52,-16.9167,145.7667,96.94,67,75,5.75
241,Bondo,CD,2021-11-08 01:34:53,3.8146,23.6866,68.38,99,100,1.3
242,Touros,BR,2021-11-08 01:34:53,-5.1989,-35.4608,81.5,77,82,13.15
243,Chuy,UY,2021-11-08 01:27:47,-33.6971,-53.4616,54.48,82,5,4.14
244,Vangaindrano,MG,2021-11-08 01:34:53,-23.35,47.6,71.6,92,69,6.24
245,Pitsunda,GE,2021-11-08 01:34:54,43.1592,40.3378,55.58,79,100,6.42
246,Namibe,AO,2021-11-08 01:34:54,-15.1961,12.1522,66.72,79,94,3.18
247,Hofn,IS,2021-11-08 01:27:42,64.2539,-15.2082,35.53,98,100,14.56
248,Puerto Ayacucho,VE,2021-11-08 01:34:54,5.6639,-67.6236,76.66,88,100,4.07
249,Cururupu,BR,2021-11-08 01:34:55,-1.8283,-44.8683,74.7,93,89,2.35
250,Malakal,SS,2021-11-08 01:34:55,9.5334,31.6605,77.41,61,40,2.35
251,Zaqatala,AZ,2021-11-08 01:34:55,41.6336,46.6433,43.27,87,40,4.61
252,Padang,ID,2021-11-08 01:34:56,-0.9492,100.3543,78.85,81,100,5.01
253,Lebowakgomo,ZA,2021-11-08 01:34:56,-24.2,29.5,65.3,83,94,2.64
254,Husavik,IS,2021-11-08 01:34:56,66.0449,-17.3389,33.71,96,100,9.31
255,Ambovombe,MG,2021-11-08 01:34:56,-25.1667,46.0833,69.94,75,11,5.12
256,Margate,GB,2021-11-08 01:34:57,51.3813,1.3862,45.7,83,84,1.01
257,Ucluelet,CA,2021-11-08 01:23:18,48.9329,-125.5528,41.09,87,73,11.01
258,Stromness,GB,2021-11-08 01:34:57,58.965,-3.296,44.87,90,89,4.0
259,Kawalu,ID,2021-11-08 01:26:33,-7.3817,108.2082,77.9,83,96,2.66
260,Jalu,LY,2021-11-08 01:34:57,29.0331,21.5482,65.44,55,0,5.48
261,Abu Dhabi,AE,2021-11-08 01:33:12,24.4667,54.3667,75.31,38,0,6.91
262,Sibolga,ID,2021-11-08 01:34:58,1.7427,98.7792,75.99,94,100,2.71
263,Iqaluit,CA,2021-11-08 01:26:31,63.7506,-68.5145,10.13,78,1,15.99
264,Sorochinsk,RU,2021-11-08 01:34:58,52.4338,53.1583,34.16,90,26,4.16
265,Klaksvik,FO,2021-11-08 01:34:58,62.2266,-6.589,45.52,81,99,20.09
266,Turan,VN,2021-11-08 01:34:58,16.0678,108.2208,80.58,89,75,11.5
267,Kahului,US,2021-11-08 01:34:59,20.8947,-156.47,84.22,69,20,23.02
268,Portland,US,2021-11-08 01:30:00,45.5234,-122.6762,47.43,91,90,1.99
269,Vila Velha,BR,2021-11-08 01:33:51,-20.3297,-40.2925,71.94,88,90,1.99
270,Tura,IN,2021-11-08 01:34:59,25.5198,90.2201,68.68,74,70,1.48
271,Frontera Comalapa,MX,2021-11-08 01:34:59,15.65,-92.1333,65.93,83,100,1.54
272,Amapa,BR,2021-11-08 01:35:00,1.0,-52.0,71.83,99,100,1.12
273,Cochrane,CA,2021-11-08 01:33:05,51.1834,-114.4687,35.2,52,1,10.36
274,Tamandare,BR,2021-11-08 01:35:00,-8.7597,-35.1047,77.58,86,11,7.65
275,Kushiro,JP,2021-11-08 01:35:01,42.975,144.3747,45.55,76,75,2.3
276,Udachnyy,RU,2021-11-08 01:35:01,66.4167,112.4,17.64,88,86,11.54
277,Xixiang,CN,2021-11-08 01:35:02,35.1628,112.865,43.2,32,0,12.3
278,Kuybyshevo,RU,2021-11-08 01:35:03,47.8123,38.9073,46.11,62,100,4.03
279,Hazorasp,UZ,2021-11-08 01:36:03,41.3194,61.0742,22.84,23,100,3.06
280,Prince George,CA,2021-11-08 01:36:03,53.9166,-122.753,31.44,99,90,8.05
281,Beringovskiy,RU,2021-11-08 01:36:04,63.05,179.3167,16.43,87,10,6.15
282,Kavieng,PG,2021-11-08 01:36:04,-2.5744,150.7967,84.79,70,9,16.8
283,Nizhnyaya Omka,RU,2021-11-08 01:36:04,55.4338,74.9426,31.17,55,100,19.51
284,Zapolyarnyy,RU,2021-11-08 01:36:04,69.4154,30.8136,22.28,97,90,4.81
285,French Harbor,HN,2021-11-08 01:36:05,16.35,-86.4333,75.2,94,90,5.75
286,Chacabuco,AR,2021-11-08 01:31:06,-34.6417,-60.4739,64.83,65,0,5.84
287,Dwarka,IN,2021-11-08 01:36:05,22.2394,68.9678,78.75,58,96,11.86
288,Moyo,UG,2021-11-08 01:36:05,3.6609,31.7247,65.16,95,100,2.19
289,Sur,OM,2021-11-08 01:36:06,22.5667,59.5289,73.98,61,0,1.32
290,Guerrero,MX,2021-11-08 01:36:06,17.6667,-100.0,63.64,84,67,3.18
291,Beyneu,KZ,2021-11-08 01:36:07,45.3167,55.2,37.08,26,100,6.69
292,Port Blair,IN,2021-11-08 01:36:07,11.6667,92.75,82.87,81,100,10.31
293,Chatham,GB,2021-11-08 01:36:07,51.3789,0.5279,45.81,84,70,1.01
294,Sambava,MG,2021-11-08 01:36:08,-14.2667,50.1667,72.72,85,17,8.84
295,Markova,UA,2021-11-08 01:36:08,48.6758,24.4138,41.81,91,100,4.09
296,Xining,CN,2021-11-08 01:36:08,36.6167,101.7667,21.97,48,99,1.81
297,Mayo,US,2021-11-08 01:36:08,38.8876,-76.5119,51.13,76,1,0.0
298,Salinopolis,BR,2021-11-08 01:36:09,-0.6136,-47.3561,78.57,87,55,7.49
299,Leningradskiy,RU,2021-11-08 01:36:09,69.3833,178.4167,7.66,83,42,9.71
300,Santa Isabel Do Rio Negro,BR,2021-11-08 01:36:09,-0.4139,-65.0192,73.71,98,97,1.86
301,Khandyga,RU,2021-11-08 01:36:10,62.6667,135.6,-5.53,94,99,5.35
302,Namatanai,PG,2021-11-08 01:36:10,-3.6667,152.4333,86.5,61,76,12.55
303,Anta,IN,2021-11-08 01:36:10,25.15,76.3,68.76,45,55,2.8
304,Am Timan,TD,2021-11-08 01:36:11,11.0297,20.2827,77.05,32,80,4.09
305,Mehamn,NO,2021-11-08 01:36:11,71.0357,27.8492,27.25,81,100,2.93
306,Uren,RU,2021-11-08 01:36:11,57.4552,45.7852,35.17,97,100,9.4
307,Palana,RU,2021-11-08 01:36:11,59.1167,159.9667,25.5,77,100,14.83
308,Torbay,CA,2021-11-08 01:24:02,47.6666,-52.7314,46.76,84,90,12.66
309,Sumbe,AO,2021-11-08 01:36:12,-11.2061,13.8437,74.32,86,81,2.17
310,Lazarev,RU,2021-11-08 01:36:12,52.225,141.5131,28.81,44,2,12.53
311,Agadir,MA,2021-11-08 01:36:12,30.4202,-9.5982,52.25,39,0,5.97
312,Kochi,IN,2021-11-08 01:36:13,9.9399,76.2602,75.18,92,100,6.31
313,Kibakwe,TZ,2021-11-08 01:36:13,-6.7167,36.3667,63.77,79,100,3.87
314,Chernyshevskiy,RU,2021-11-08 01:36:13,63.0128,112.4714,23.04,93,100,9.64
315,Brae,GB,2021-11-08 01:36:14,60.3964,-1.353,40.91,67,100,5.46
316,Tual,ID,2021-11-08 01:36:14,-5.6667,132.75,84.78,73,36,6.64
317,Durban,ZA,2021-11-08 01:31:51,-29.8579,31.0292,70.92,95,100,2.01
318,Arman,RU,2021-11-08 01:36:14,59.7,150.1667,22.8,89,100,8.5
319,Lingolsheim,FR,2021-11-08 01:36:14,48.5575,7.6825,47.88,81,90,1.14
320,Bontang,ID,2021-11-08 01:36:15,0.1333,117.5,77.65,90,100,3.24
321,Pevek,RU,2021-11-08 01:26:30,69.7008,170.3133,3.88,93,100,6.29
322,Bandarbeyla,SO,2021-11-08 01:36:15,9.4942,50.8122,76.5,70,86,9.64
323,Berlevag,NO,2021-11-08 01:36:15,70.8578,29.0864,29.97,67,100,9.17
324,Wajid,SO,2021-11-08 01:37:16,3.8093,43.2471,72.0,87,36,13.4
325,Praxedis Guerrero,MX,2021-11-08 01:37:16,31.3667,-106.0167,76.59,27,33,2.55
326,Hamilton,US,2021-11-08 01:35:30,39.1834,-84.5333,52.43,70,1,0.0
327,Rafai,CF,2021-11-08 01:37:16,4.95,23.9167,68.31,98,99,2.91
328,Isangel,VU,2021-11-08 01:37:17,-19.55,169.2667,82.51,65,40,5.75
329,Alghero,IT,2021-11-08 01:37:17,40.5589,8.3181,54.99,93,0,2.3
330,Tessalit,ML,2021-11-08 01:37:17,20.1986,1.0114,78.24,21,56,7.58
331,Lagoa,PT,2021-11-08 01:37:17,39.05,-27.9833,68.16,86,3,23.8
332,Puerto Madryn,AR,2021-11-08 01:32:20,-42.7692,-65.0385,61.43,50,72,5.5
333,Acapulco,MX,2021-11-08 01:33:00,16.8634,-99.8901,82.22,83,40,4.61
334,Tarakan,ID,2021-11-08 01:37:18,3.3,117.6333,81.9,83,75,3.44
335,Codrington,AU,2021-11-08 01:37:18,-38.2667,141.9667,58.62,55,100,4.68
336,Moree,AU,2021-11-08 01:37:18,-29.4667,149.85,77.02,57,40,13.8
337,Mahajanga,MG,2021-11-08 01:37:18,-15.7167,46.3167,75.22,83,20,2.3
338,Ulaanbaatar,MN,2021-11-08 01:37:19,47.9077,106.8832,10.53,72,0,0.0
339,Ambilobe,MG,2021-11-08 01:37:19,-13.2,49.05,73.58,79,6,3.04
340,Chara,RU,2021-11-08 01:37:19,56.9064,118.2631,9.43,71,97,0.83
341,Jerusalem,IL,2021-11-08 01:36:19,31.769,35.2163,63.72,41,0,1.01
342,Atambua,ID,2021-11-08 01:37:19,-9.1061,124.8925,85.69,63,88,3.15
343,Progreso,MX,2021-11-08 01:37:20,21.2833,-89.6667,75.31,63,90,11.97
344,Savannah Bight,HN,2021-11-08 01:37:20,16.45,-85.85,80.91,66,99,23.24
345,Olafsvik,IS,2021-11-08 01:37:20,64.8945,-23.7142,35.2,99,100,28.61
346,Laguna,US,2021-11-08 01:37:20,38.421,-121.4238,58.91,53,1,5.75
347,Matara,LK,2021-11-08 01:37:21,5.9485,80.5353,77.11,85,100,11.23
348,Gladstone,AU,2021-11-08 01:37:21,-23.85,151.25,81.79,74,90,12.66
349,Chimbarongo,CL,2021-11-08 01:37:21,-34.7,-71.05,65.28,43,0,2.06
350,Sterling,US,2021-11-08 01:35:39,39.0062,-77.4286,48.99,77,40,3.0
351,Pangoa,PE,2021-11-08 01:37:22,-12.1167,-73.0,68.52,99,100,1.61
352,Zyryanka,RU,2021-11-08 01:37:22,65.75,150.85,5.25,93,100,10.0
353,Iracoubo,GF,2021-11-08 01:37:22,5.4802,-53.2011,79.75,83,100,10.63
354,Luderitz,NA,2021-11-08 01:27:40,-26.6481,15.1594,56.66,84,0,9.22
355,Kapuskasing,CA,2021-11-08 01:37:01,49.4169,-82.4331,44.69,93,75,4.61
356,Whitecourt,CA,2021-11-08 01:37:22,54.1502,-115.6855,31.24,69,75,5.75
357,Noyabrsk,RU,2021-11-08 01:37:23,63.1994,75.4507,33.13,98,100,16.62
358,Mizdah,LY,2021-11-08 01:37:23,31.4451,12.9801,66.7,30,7,3.02
359,Mpulungu,ZM,2021-11-08 01:37:23,-8.7623,31.1141,76.48,45,57,6.93
360,Mali,GN,2021-11-08 01:37:24,12.079,-12.2982,63.86,68,21,2.91
361,Westport,US,2021-11-08 01:37:24,41.1415,-73.3579,51.75,72,1,5.75
362,San Juan,AR,2021-11-08 01:36:01,-31.5375,-68.5364,72.28,34,1,10.74
363,Oktyabrskiy,RU,2021-11-08 01:37:24,54.4815,53.471,31.98,93,45,5.68
364,Nanortalik,GL,2021-11-08 01:37:24,60.1432,-45.2371,30.65,61,100,2.51
365,Spornoye,RU,2021-11-08 01:37:25,50.8448,37.2913,42.82,76,100,11.63
366,Sao Filipe,CV,2021-11-08 01:37:25,14.8961,-24.4956,78.15,73,100,8.16
367,Douentza,ML,2021-11-08 01:37:25,14.9951,-2.9517,88.9,20,100,4.54
368,Amberley,US,2021-11-08 01:37:25,39.2048,-84.428,52.03,69,1,0.0
369,Saint John,CA,2021-11-08 01:34:20,45.2727,-66.0677,41.38,92,1,2.3
370,Kuminskiy,RU,2021-11-08 01:37:26,58.6667,66.5667,32.97,97,100,10.13
371,Luba,GQ,2021-11-08 01:38:26,3.4568,8.5547,79.63,84,91,4.9
372,The Valley,AI,2021-11-08 01:38:26,18.217,-63.0578,77.83,75,66,14.2
373,Hearst,CA,2021-11-08 01:38:26,49.6835,-83.6665,39.45,89,97,4.9
374,Nieuw Amsterdam,SR,2021-11-08 01:38:27,5.8833,-55.0833,79.02,89,34,8.7
375,Teodoro Sampaio,BR,2021-11-08 01:38:27,-22.5325,-52.1675,73.99,85,77,3.18
376,Neya,RU,2021-11-08 01:38:27,58.2972,43.8681,34.66,97,100,8.77
377,Krasnyy Chikoy,RU,2021-11-08 01:38:27,50.3643,108.7512,20.68,60,68,2.84
378,Nome,US,2021-11-08 01:37:56,64.5011,-165.4064,21.27,74,90,11.5
379,Manokwari,ID,2021-11-08 01:38:28,-0.8667,134.0833,85.05,67,49,11.41
380,Tabuk,PH,2021-11-08 01:38:28,17.4189,121.4443,84.33,70,92,4.65
381,Saint-Joseph,RE,2021-11-08 01:38:28,-21.3667,55.6167,71.96,80,18,8.75
382,Arawa,PG,2021-11-08 01:38:29,-6.2132,155.5367,88.05,53,5,6.44
383,Scarisoara,RO,2021-11-08 01:38:29,44.0,24.5667,50.38,84,97,3.27
384,Rosarito,MX,2021-11-08 01:38:29,32.3333,-117.0333,64.94,80,1,2.44
385,Mosetse,BW,2021-11-08 01:38:29,-20.75,26.65,77.7,38,6,8.37
386,Plettenberg Bay,ZA,2021-11-08 01:38:30,-34.0527,23.3716,57.97,91,100,3.06
387,Port Antonio,JM,2021-11-08 01:38:30,18.18,-76.4612,82.31,83,80,4.29
388,Beira,MZ,2021-11-08 01:38:30,-19.8436,34.8389,71.13,88,0,4.65
389,Chumikan,RU,2021-11-08 01:38:30,54.7183,135.315,24.15,55,0,20.65
390,Coihaique,CL,2021-11-08 01:38:31,-45.5752,-72.0662,49.95,66,0,3.44
391,Amberieu-En-Bugey,FR,2021-11-08 01:38:31,45.9589,5.3432,48.06,96,99,6.35
392,Lujan,AR,2021-11-08 01:38:31,-34.5703,-59.105,66.97,79,0,7.2
393,Severo-Yeniseyskiy,RU,2021-11-08 01:38:31,60.3725,93.0408,26.13,88,100,14.65
394,Pitimbu,BR,2021-11-08 01:38:32,-7.4706,-34.8086,79.39,80,55,10.45
395,Bonthe,SL,2021-11-08 01:38:32,7.5264,-12.505,77.9,85,13,1.83
396,Samdari,IN,2021-11-08 01:38:32,25.8167,72.5833,73.09,29,96,5.32
397,Umm Kaddadah,SD,2021-11-08 01:38:32,13.6017,26.6876,78.01,20,5,14.2
398,Ancud,CL,2021-11-08 01:38:33,-41.8697,-73.8203,55.42,96,95,2.8
399,Pafos,CY,2021-11-08 01:38:33,34.7667,32.4167,60.58,31,24,6.91
400,Fort Nelson,CA,2021-11-08 01:38:33,58.8053,-122.7002,24.39,93,90,3.44
401,Ha Tinh,VN,2021-11-08 01:38:33,18.3333,105.9,68.2,92,100,15.1
402,La Palma,US,2021-11-08 01:38:34,33.8464,-118.0467,70.41,81,1,1.01
403,Tateyama,JP,2021-11-08 01:38:34,34.9833,139.8667,68.14,56,99,15.99
404,Sitka,US,2021-11-08 01:38:34,57.0531,-135.33,44.49,57,40,8.05
405,Gat,IL,2021-11-08 01:38:34,31.61,34.7642,71.4,29,0,2.66
406,Rio Gallegos,AR,2021-11-08 01:36:39,-51.6226,-69.2181,48.25,49,20,14.97
407,Bagdarin,RU,2021-11-08 01:38:35,54.4333,113.6,15.15,69,99,1.72
408,Ormond Beach,US,2021-11-08 01:38:35,29.2858,-81.0559,60.13,72,1,1.01
409,Jizan,SA,2021-11-08 01:38:35,17.3333,42.6667,81.54,64,0,2.26
410,Yakeshi,CN,2021-11-08 01:38:35,49.2833,120.7333,20.7,44,1,3.89
411,Lumut,MY,2021-11-08 01:38:36,4.2323,100.6298,82.42,78,20,5.75
412,Teguise,ES,2021-11-08 01:38:36,29.0605,-13.564,62.82,68,20,19.57
413,Olean,US,2021-11-08 01:39:36,42.0776,-78.4297,49.21,90,1,1.99
414,Hammerfest,NO,2021-11-08 01:39:37,70.6634,23.6821,28.85,86,90,5.75
415,Snezhnogorsk,RU,2021-11-08 01:39:37,69.1933,33.2531,15.58,84,97,16.11
416,Tete,MZ,2021-11-08 01:39:37,-16.1564,33.5867,84.29,45,0,4.61
417,Belozerskoye,RU,2021-11-08 01:39:37,55.8214,65.5842,39.85,70,100,19.33
418,Hami,CN,2021-11-08 01:39:38,42.8,93.45,27.18,43,4,6.58
419,Diapaga,BF,2021-11-08 01:39:38,12.0708,1.7889,77.94,19,45,2.48
420,Krasnoselkup,RU,2021-11-08 01:39:38,65.7,82.4667,32.77,95,100,21.23
421,Granadilla De Abona,ES,2021-11-08 01:39:38,28.1188,-16.576,61.83,56,20,23.02
422,Banikoara,BJ,2021-11-08 01:36:21,11.2985,2.4386,75.18,25,93,3.71
423,Sorland,NO,2021-11-08 01:39:39,67.667,12.6934,41.22,55,96,14.92
424,Aksu,CN,2021-11-08 01:39:39,41.1231,80.2644,27.9,29,0,2.44
425,Narsaq,GL,2021-11-08 01:39:39,60.9167,-46.05,32.22,82,100,1.61
426,Fukue,JP,2021-11-08 01:38:50,32.6881,128.8419,70.16,88,75,16.11
427,Japura,ID,2021-11-08 01:39:40,-0.3167,102.35,80.98,81,99,2.89
428,Yar-Sale,RU,2021-11-08 01:39:40,66.8333,70.8333,20.19,90,100,9.84
429,Dabou,CI,2021-11-08 01:39:40,5.3256,-4.3769,78.6,88,29,6.46
430,Ostrovnoy,RU,2021-11-08 01:39:41,68.0531,39.5131,23.97,87,99,12.86
431,Quatre Cocos,MU,2021-11-08 01:37:47,-20.2078,57.7625,75.31,81,86,10.98
432,Bathsheba,BB,2021-11-08 01:39:41,13.2167,-59.5167,81.21,78,40,14.97
433,Ilhabela,BR,2021-11-08 01:38:15,-23.7781,-45.3581,67.64,82,16,3.02
434,Salihorsk,BY,2021-11-08 01:39:42,52.7876,27.5415,44.33,83,100,15.17
435,Vung Tau,VN,2021-11-08 01:38:53,10.346,107.0843,83.35,78,68,19.24
436,Trelew,AR,2021-11-08 01:38:52,-43.249,-65.3051,62.51,45,100,6.96
437,Butembo,CD,2021-11-08 01:39:42,0.15,29.2833,58.68,90,93,2.1
438,Poronaysk,RU,2021-11-08 01:39:42,49.2167,143.1167,35.37,47,100,4.68
439,Gornyak,RU,2021-11-08 01:39:43,50.9942,81.4661,23.31,59,100,11.34
440,Urusha,RU,2021-11-08 01:39:43,54.05,122.9,16.5,61,2,2.01
441,Great Falls,US,2021-11-08 01:36:41,47.5002,-111.3008,39.65,36,1,5.01
442,Tiarei,PF,2021-11-08 01:39:43,-17.5333,-149.3333,80.62,76,11,6.49
443,Colares,PT,2021-11-08 01:39:43,38.7992,-9.4469,57.33,59,30,5.01
444,Flinders,AU,2021-11-08 01:39:44,-34.5833,150.8552,75.79,76,36,5.99
445,Kieta,PG,2021-11-08 01:39:44,-6.2167,155.6333,86.52,56,6,5.93
446,Inhambane,MZ,2021-11-08 01:39:44,-23.865,35.3833,71.78,89,46,5.59
447,Khorixas,NA,2021-11-08 01:39:44,-20.3667,14.9667,60.93,36,71,7.7
448,Sao Joao Da Barra,BR,2021-11-08 01:39:45,-21.6403,-41.0511,71.1,76,100,7.34
449,Troitskoye,RU,2021-11-08 01:39:45,52.9821,84.6757,27.01,67,78,9.84
450,Genhe,CN,2021-11-08 01:39:45,50.7833,121.5167,21.27,49,0,3.29
451,Andenes,NO,2021-11-08 01:38:53,69.3143,16.1194,35.58,75,75,17.27
452,Kitob,UZ,2021-11-08 01:39:46,39.0843,66.8332,39.78,53,100,4.97
453,Manta,EC,2021-11-08 01:39:46,-0.95,-80.7333,71.38,83,75,10.36
454,Salalah,OM,2021-11-08 01:39:46,17.0151,54.0924,75.29,69,0,3.44
455,Mandurah,AU,2021-11-08 01:39:46,-32.55,115.7,72.16,53,25,11.36
456,Dixon,US,2021-11-08 01:38:31,38.4455,-121.8233,58.95,52,1,0.0
457,Xingyi,CN,2021-11-08 01:39:47,24.1877,102.817,48.56,83,97,4.85
458,Turbat,PK,2021-11-08 01:40:47,26.0023,63.044,71.42,29,0,4.09
459,Almaznyy,RU,2021-11-08 01:40:47,48.0448,40.045,33.94,69,91,6.71
460,Saint-Francois,FR,2021-11-08 01:40:47,46.4154,3.9054,47.48,93,90,4.61
461,Basco,PH,2021-11-08 01:40:48,20.4487,121.9702,81.54,79,4,8.72
462,Ayagoz,KZ,2021-11-08 01:40:48,47.9714,80.4392,7.25,88,13,4.34
463,Marinhais,PT,2021-11-08 01:40:48,39.0473,-8.7024,57.33,92,36,2.57
464,Vanimo,PG,2021-11-08 01:40:49,-2.6741,141.3028,86.72,65,55,9.19
465,Alenquer,BR,2021-11-08 01:40:49,-1.9417,-54.7383,77.34,77,79,2.39
466,Sai Buri,TH,2021-11-08 01:40:49,6.7013,101.6168,87.82,74,28,9.13
467,Fare,PF,2021-11-08 01:40:49,-16.7,-151.0167,79.27,73,7,7.72
468,Nanakuli,US,2021-11-08 01:40:50,21.3906,-158.1547,85.95,59,1,10.36
469,Anloga,GH,2021-11-08 01:40:50,5.7947,0.8973,77.22,81,69,9.6
470,Opuwo,NA,2021-11-08 01:40:50,-18.0607,13.84,65.7,38,80,1.7
471,Baruun-Urt,MN,2021-11-08 01:40:50,46.6806,113.2792,21.4,54,7,5.21
472,Tromso,NO,2021-11-08 01:40:51,69.6496,18.957,32.02,93,75,17.27
473,Tshela,CD,2021-11-08 01:40:51,-4.9833,12.9333,73.54,98,100,1.74
474,Ramban,IN,2021-11-08 01:40:51,33.25,75.25,49.62,44,0,9.95
475,Zhigansk,RU,2021-11-08 01:40:51,66.7697,123.3711,7.36,94,100,26.93
476,Tonshayevo,RU,2021-11-08 01:40:52,57.736,47.0127,34.97,89,100,8.1
477,Micheweni,TZ,2021-11-08 01:40:52,-4.9667,39.8333,75.63,82,100,3.74
478,Winneba,GH,2021-11-08 01:40:52,5.3511,-0.6231,73.87,89,18,7.63
479,Sistranda,NO,2021-11-08 01:40:53,63.7256,8.834,34.9,71,100,12.59
480,Tabas,IR,2021-11-08 01:40:53,33.5959,56.9244,52.21,24,100,3.85
481,Yurla,RU,2021-11-08 01:40:53,59.3259,54.3223,32.74,85,79,9.19
482,Mount Gambier,AU,2021-11-08 01:40:53,-37.8333,140.7667,60.71,51,90,10.36
483,Mitsamiouli,KM,2021-11-08 01:40:54,-11.3847,43.2844,78.85,76,40,8.84
484,Tabou,CI,2021-11-08 01:40:54,4.423,-7.3528,78.37,88,100,5.3
485,Maragogi,BR,2021-11-08 01:40:54,-9.0122,-35.2225,77.27,86,5,7.74
486,Morant Bay,JM,2021-11-08 01:40:55,17.8815,-76.4093,82.02,85,69,2.59
487,Jiazi,CN,2021-11-08 01:40:55,22.8779,116.067,65.37,61,35,15.28
488,Lianran,CN,2021-11-08 01:40:55,24.9227,102.485,37.94,76,95,4.56
489,Sioux Lookout,CA,2021-11-08 01:36:28,50.1001,-91.917,48.58,81,90,3.44
490,Paka,MY,2021-11-08 01:40:56,4.6374,103.4368,82.33,89,20,0.0
491,Yenagoa,NG,2021-11-08 01:40:56,4.9247,6.2642,75.51,94,96,2.89
492,Samarai,PG,2021-11-08 01:40:56,-10.6167,150.6667,84.99,72,3,14.03
493,Ahipara,NZ,2021-11-08 01:40:56,-35.1667,173.1667,66.18,78,41,5.5
494,Cabedelo,BR,2021-11-08 01:40:56,-6.9811,-34.8339,79.47,80,88,11.34
495,Sampit,ID,2021-11-08 01:40:57,-2.5333,112.95,74.73,99,100,1.07
496,Lake City,US,2021-11-08 01:40:57,30.1897,-82.6393,53.65,87,1,0.0
497,Zlitan,LY,2021-11-08 01:40:57,32.4674,14.5687,73.85,44,87,14.92
498,Comodoro Rivadavia,AR,2021-11-08 01:38:47,-45.8667,-67.5,62.46,48,0,5.75
499,Bismarck,US,2021-11-08 01:40:57,46.8083,-100.7837,48.04,67,20,6.91
500,Beloha,MG,2021-11-08 01:40:58,-25.1667,45.05,71.87,56,63,5.48
501,San Andres,CO,2021-11-08 01:40:05,12.5847,-81.7006,82.42,78,75,5.75
502,Seoul,KR,2021-11-08 01:40:53,37.5683,126.9778,49.39,87,90,8.05
503,Terrace,CA,2021-11-08 01:41:20,54.5163,-128.6035,37.42,100,90,3.44
504,Loa Janan,ID,2021-11-08 01:41:58,-0.583,117.095,77.13,95,100,2.21
505,Taitung,TW,2021-11-08 01:41:51,22.7583,121.1444,77.27,69,75,3.44
506,Aripuana,BR,2021-11-08 01:39:54,-9.1667,-60.6333,71.82,99,90,1.57
507,Barreiras,BR,2021-11-08 01:41:58,-12.1528,-44.99,70.54,94,98,1.95
508,Flin Flon,CA,2021-11-08 01:41:59,54.7682,-101.865,33.69,75,100,4.36
509,Nerchinskiy Zavod,RU,2021-11-08 01:41:59,51.3088,119.61,18.14,61,2,3.2
510,San Quintin,MX,2021-11-08 01:41:59,30.4833,-115.95,62.31,83,28,5.37
511,Vuktyl,RU,2021-11-08 01:41:59,63.8567,57.3094,30.79,97,100,6.87
512,Berberati,CF,2021-11-08 01:42:00,4.2612,15.7922,67.91,98,98,0.81
513,Ekibastuz,KZ,2021-11-08 01:42:00,51.6667,75.3667,29.19,46,53,14.94
514,Prince Rupert,CA,2021-11-08 01:42:00,54.3161,-130.3201,40.69,84,100,10.36
515,Port Macquarie,AU,2021-11-08 01:40:19,-31.4333,152.9167,76.96,63,89,9.46
516,Biankouma,CI,2021-11-08 01:42:01,7.7391,-7.6138,69.66,84,61,3.49
517,Pine Bluff,US,2021-11-08 01:42:01,34.2284,-92.0032,55.38,71,1,0.0
518,Guarapari,BR,2021-11-08 01:40:03,-20.6667,-40.4975,71.89,83,100,4.56
519,Springbok,ZA,2021-11-08 01:42:02,-29.6643,17.8865,47.01,82,87,14.81
520,Mercedes,AR,2021-11-08 01:42:02,-34.6515,-59.4307,65.86,74,0,7.14
521,Paamiut,GL,2021-11-08 01:42:03,61.994,-49.6678,18.01,66,0,6.62
522,Pacific Grove,US,2021-11-08 01:37:55,36.6177,-121.9166,59.43,78,1,5.01
523,Gazimurskiy Zavod,RU,2021-11-08 01:42:03,51.5461,118.3266,18.28,61,3,0.94
524,Chikwawa,MW,2021-11-08 01:42:03,-16.0335,34.8009,75.63,40,0,1.68
525,Watsa,CD,2021-11-08 01:42:03,3.0372,29.5355,62.02,98,52,3.13
526,Urumqi,CN,2021-11-08 01:42:04,43.801,87.6005,14.95,73,0,2.24
527,Mareeba,AU,2021-11-08 01:42:04,-17.0,145.4333,87.44,64,83,8.75
528,Tecoanapa,MX,2021-11-08 01:42:04,16.5167,-98.75,78.58,77,52,3.89
529,Kinsale,IE,2021-11-08 01:42:04,51.7075,-8.5306,52.23,100,90,4.61
530,Champerico,GT,2021-11-08 01:42:05,14.3,-91.9167,83.35,79,56,1.1
531,San Cristobal,VE,2021-11-08 01:42:05,7.7669,-72.225,75.38,91,97,1.63
532,Campos Altos,BR,2021-11-08 01:42:05,-19.6961,-46.1714,65.17,88,71,2.75
533,Dakar,SN,2021-11-08 01:38:11,14.6937,-17.4441,78.93,73,0,13.8
534,Umuahia,NG,2021-11-08 01:42:05,5.5263,7.4896,73.51,96,100,3.29
535,Muriwai Beach,NZ,2021-11-08 01:42:06,-36.8167,174.45,71.94,66,1,8.7
536,Morvi,IN,2021-11-08 01:42:06,22.8167,70.8333,72.61,34,100,8.59
537,San-Pedro,CI,2021-11-08 01:42:06,4.7485,-6.6363,77.18,91,80,4.32
538,Tingo Maria,PE,2021-11-08 01:42:07,-9.2895,-76.0088,70.66,98,100,1.61
539,Los Llanos De Aridane,ES,2021-11-08 01:42:07,28.6585,-17.9182,63.12,65,75,15.99
540,Constantine,DZ,2021-11-08 01:42:07,36.365,6.6147,51.21,81,75,3.44
541,Parana,AR,2021-11-08 01:42:07,-31.732,-60.5238,71.55,67,3,1.48
542,Pau,FR,2021-11-08 01:37:27,43.4167,-0.5833,51.46,100,75,1.14
543,Labuhan,ID,2021-11-08 01:42:08,-6.8844,112.2051,86.27,63,100,2.37
544,Orlik,RU,2021-11-08 01:42:08,52.5178,99.825,12.76,83,100,2.95
545,Kassiopi,GR,2021-11-08 01:42:08,39.7886,19.9186,69.1,61,65,1.01
546,Zaranj,AF,2021-11-08 01:42:08,30.9667,61.8833,50.41,38,7,6.51
547,Pangnirtung,CA,2021-11-08 01:42:09,66.1451,-65.7125,15.8,67,20,0.0
548,Ust-Kulom,RU,2021-11-08 01:42:09,61.6864,53.6902,31.14,92,98,7.9
549,Calama,CL,2021-11-08 01:42:09,-22.4667,-68.9333,59.49,15,0,5.75
550,Oranjemund,NA,2021-11-08 01:42:09,-28.55,16.4333,58.91,81,66,9.26
551,Ust-Maya,RU,2021-11-08 01:42:10,60.4167,134.5333,6.17,92,99,4.38
552,Cidreira,BR,2021-11-08 01:43:10,-30.1811,-50.2056,62.11,72,4,3.98
553,Durusu,TR,2021-11-08 01:43:10,41.3053,28.6767,57.83,93,73,3.33
554,Marienburg,PL,2021-11-08 01:38:34,54.0359,19.0266,49.05,73,44,11.39
555,Defiance,US,2021-11-08 01:43:11,41.3334,-84.45,52.41,71,1,0.0
556,Mulege,MX,2021-11-08 01:43:11,26.8833,-111.9833,74.46,55,44,1.7
557,Ganzhou,CN,2021-11-08 01:41:29,28.8184,115.4327,49.26,33,6,7.92
558,Champasak,LA,2021-11-08 01:43:11,14.75,106.0,76.08,62,79,0.6
559,Oussouye,SN,2021-11-08 01:43:11,12.485,-16.5469,78.98,75,26,6.6
560,Tiznit,MA,2021-11-08 01:43:12,29.5833,-9.5,55.36,41,0,4.76
561,Turukhansk,RU,2021-11-08 01:43:12,65.8167,87.9833,32.63,98,100,18.14
562,Teguldet,RU,2021-11-08 01:43:12,57.3064,88.1667,28.62,74,100,14.58
563,Solnechnyy,RU,2021-11-08 01:43:12,50.7214,136.6319,25.09,53,100,3.67
564,Rura,IN,2021-11-08 01:43:13,26.4833,79.9,67.95,50,100,2.01
565,Skibbereen,IE,2021-11-08 01:43:13,51.55,-9.2667,51.6,97,100,10.29
566,Abonnema,NG,2021-11-08 01:43:13,4.7084,6.7931,76.6,90,100,4.25
567,Broken Hill,AU,2021-11-08 01:43:13,-31.95,141.4333,67.71,42,75,10.36
568,Hambantota,LK,2021-11-08 01:43:14,6.1241,81.1185,77.34,94,20,4.61
569,Yeppoon,AU,2021-11-08 01:43:14,-23.1333,150.7333,87.58,62,69,10.94
570,Phuket,TH,2021-11-08 01:43:14,8.0,98.25,86.09,83,20,6.91
571,Samana,DO,2021-11-08 01:43:14,19.2056,-69.3369,76.37,85,73,5.08
572,Babstovo,RU,2021-11-08 01:43:15,48.1167,132.4833,29.52,42,100,5.46
573,Tanabe,JP,2021-11-08 01:43:15,33.7333,135.3667,72.61,64,75,13.8
